{"cameraMode":{"drawMode":0,"name":"Shaded","section":"Shading Mode"},"sceneLighting":true,"audioPlay":false,"sceneViewState":{"m_AlwaysRefresh":false,"showFog":true,"showSkybox":true,"showFlares":true,"showImageEffects":true,"showParticleSystems":true,"showVisualEffectGraphs":true,"m_FxEnabled":false},"in2DMode":false,"pivot":{"x":115.02558135986328,"y":430.5321960449219,"z":2.2886199951171877},"rotation":{"x":0.07879036664962769,"y":-0.025418119505047799,"z":0.002012671669945121,"w":0.9965761303901672},"size":70.71067810058594,"orthographic":false}